{
  "project_info": {
    "project_number": "708835946885",
    "project_id": "darkprompt-21943",
    "storage_bucket": "darkprompt-21943.firebasestorage.app",
"firebase_url": "https://darkprompt-21943-default-rtdb.firebaseio.com"
  },
  "client": [
    {
      "client_info": {
        "mobilesdk_app_id": "1:708835946885:android:d05a8d6aa7ee9096f054ec",
        "android_client_info": {
          "package_name": "com.meylulis.DarkPrompt"
        }
      },
      "oauth_client": [],
      "api_key": [
        {
          "current_key": "AIzaSyCRQDsmjZAIouXVJkCMlucRL1sDmozR5_c"
        }
      ],
      "services": {
        "appinvite_service": {
          "other_platform_oauth_client": []
        }
      }
    }
  ],
  "configuration_version": "1"
}